Tumor_Sample_Barcode	Hugo_Symbol	Cancer_Type	Variant_Classification	VAF
S1	TP53	AML	Missense_Mutation	0.45
S1	DNMT3A	AML	Nonsense_Mutation	0.30
S2	TP53	AML	Missense_Mutation	0.50
S2	FLT3	AML	ITD	0.60
S3	NPM1	AML	Frame_Shift	0.55
S3	DNMT3A	AML	Missense_Mutation	0.20
S4	KRAS	LUAD	Missense_Mutation	0.35
S4	TP53	LUAD	Nonsense_Mutation	0.40
S5	EGFR	LUAD	Missense_Mutation	0.70
S5	KRAS	LUAD	Missense_Mutation	0.10
S6	PIK3CA	BRCA	Missense_Mutation	0.60
S6	TP53	BRCA	Frame_Shift	0.50
S7	PIK3CA	BRCA	Missense_Mutation	0.65
S7	GATA3	BRCA	Missense_Mutation	0.25
S8	APC	COAD	Nonsense_Mutation	0.80
S8	KRAS	COAD	Missense_Mutation	0.45
S9	TP53	COAD	Missense_Mutation	0.55
S9	APC	COAD	Frame_Shift	0.30
S10	IDH1	GBM	Missense_Mutation	0.50
S10	TP53	GBM	Nonsense_Mutation	0.35
S11	EGFR	GBM	Amplification	0.75
S11	PTEN	GBM	Nonsense_Mutation	0.40
S12	KRAS	COAD	Missense_Mutation	0.60
S12	SMAD4	COAD	Nonsense_Mutation	0.50
S13	NRAS	LUAD	Missense_Mutation	0.55
S13	TP53	LUAD	Missense_Mutation	0.20
S14	FLT3	AML	ITD	0.65
S14	NPM1	AML	Frame_Shift	0.45
S15	PIK3CA	BRCA	Missense_Mutation	0.70
S15	TP53	BRCA	Missense_Mutation	0.60